title,created_utc,ups,downs,upvote_ratio,score,num_comments,is_original_content,permalink,url
"Stir Fry Supreme – Chives, cashews and Shrimp",1701694537.0,58,0,0.9,58,6,False,reddit.com/r/recipes/comments/18ajm70/stir_fry_supreme_chives_cashews_and_shrimp/,https://i.redd.it/6vrftswiz94c1.jpeg
Polish Krokiety - Mushroom &amp; Sauerkraut Croquettes,1701516938.0,265,0,0.97,265,17,False,reddit.com/r/recipes/comments/1891x51/polish_krokiety_mushroom_sauerkraut_croquettes/,https://i.redd.it/lsazpcn8bv3c1.jpg
Festive Southern Jalapeno Pimento Cheese Dip,1701262661.0,174,0,0.95,174,11,False,reddit.com/r/recipes/comments/186osjd/festive_southern_jalapeno_pimento_cheese_dip/,https://i.redd.it/i0lvs10aba3c1.jpeg
Quick &amp; Easy Nut Brittle,1701206084.0,121,0,0.95,121,11,False,reddit.com/r/recipes/comments/1866xrq/quick_easy_nut_brittle/,https://i.redd.it/elfhdi81n53c1.jpg
Green Borshch,1700952061.0,59,0,0.94,59,9,False,reddit.com/r/recipes/comments/183vmzc/green_borshch/,https://i.redd.it/s8aaslwrnk2c1.jpg
Leftover Turkey and Pastina Soup,1700944350.0,261,0,0.95,261,13,False,reddit.com/r/recipes/comments/183st4x/leftover_turkey_and_pastina_soup/,https://i.redd.it/0p0rwigu0k2c1.jpg
Nasi Goreng (Indonesian Fried Rice) - My family's recipe,1700743113.0,76,0,0.97,76,11,False,reddit.com/r/recipes/comments/1820b5b/nasi_goreng_indonesian_fried_rice_my_familys/,https://i.redd.it/wj2shpc2e32c1.jpg
My family’s apple pie recipe,1700638375.0,808,0,0.99,808,62,False,reddit.com/r/recipes/comments/1813o0j/my_familys_apple_pie_recipe/,https://i.redd.it/z3l8ifw0ru1c1.jpg
Leek and beef stir fry,1700484664.0,48,0,0.89,48,5,False,reddit.com/r/recipes/comments/17zntw6/leek_and_beef_stir_fry/,https://i.redd.it/socm9sej1i1c1.jpg
Warm Thai Glass Noodle &amp; Beef Salad,1700482264.0,122,0,0.94,122,9,False,reddit.com/r/recipes/comments/17zn5bx/warm_thai_glass_noodle_beef_salad/,https://i.redd.it/k2cymncfuh1c1.png
Trinbagonian Stew Chicken,1700329962.0,49,0,0.95,49,15,False,reddit.com/r/recipes/comments/17ybvvf/trinbagonian_stew_chicken/,https://i.redd.it/g9d4rexs951c1.jpg
Salsa Verde Chicken and Butternut Squash Soup,1700327323.0,90,0,0.98,90,3,False,reddit.com/r/recipes/comments/17yaxuf/salsa_verde_chicken_and_butternut_squash_soup/,https://i.redd.it/ul51eki2251c1.jpg
Chocolate Fudge M&amp;M Cookies (Recipe),1700240151.0,20,0,0.96,20,1,False,reddit.com/r/recipes/comments/17xjh8v/chocolate_fudge_mm_cookies_recipe/,https://i.redd.it/6965v8quux0c1.png
"Herby, Green Pasta e Fagioli",1700154161.0,271,0,0.97,271,5,False,reddit.com/r/recipes/comments/17wrwd9/herby_green_pasta_e_fagioli/,https://i.redd.it/qxgob736rq0c1.jpg
Matcha Chocolate Chip Vegan Oatmeal Cookie (Recipe),1699989279.0,69,0,0.76,69,6,False,reddit.com/r/recipes/comments/17v9sis/matcha_chocolate_chip_vegan_oatmeal_cookie_recipe/,https://i.redd.it/0xxdci0y3d0c1.jpg
Lemony Chicken Tomato Pasta,1699724351.0,120,0,0.95,120,7,False,reddit.com/r/recipes/comments/17szfwx/lemony_chicken_tomato_pasta/,https://i.redd.it/9n5n1hs39rzb1.jpg
Creamy Sun-Dried Tomato Chicken Soup,1699569130.0,571,0,0.99,571,23,False,reddit.com/r/recipes/comments/17rozqt/creamy_sundried_tomato_chicken_soup/,https://i.redd.it/ppv0u7ekfezb1.jpg
Wine-Braised Short Ribs with Parmesan Mashed Potatoes,1699206882.0,422,0,0.99,422,13,False,reddit.com/r/recipes/comments/17ohgbx/winebraised_short_ribs_with_parmesan_mashed/,https://i.redd.it/cft7zvwfikyb1.jpg
Al Pastor Tacos,1699102150.0,304,0,0.97,304,13,False,reddit.com/r/recipes/comments/17nkyzf/al_pastor_tacos/,https://i.redd.it/o47egloxubyb1.jpg
Seared Swordfish with Orzo,1698946711.0,239,0,0.98,239,14,False,reddit.com/r/recipes/comments/17m90vz/seared_swordfish_with_orzo/,https://i.redd.it/yd6qpq8t0zxb1.jpg
Chickpeas in Lemon-Tahini Broth,1698777964.0,291,0,0.98,291,15,False,reddit.com/r/recipes/comments/17ks77d/chickpeas_in_lemontahini_broth/,https://i.redd.it/yfrz00l13lxb1.jpg
Beef and Veggie Pie - Damn Good!,1698692818.0,216,0,0.95,216,17,False,reddit.com/r/recipes/comments/17k0y7w/beef_and_veggie_pie_damn_good/,https://i.redd.it/s424ia1u1exb1.jpg
Turkish Bazlama / Flatbread Recipe,1698653841.0,241,0,0.98,241,14,False,reddit.com/r/recipes/comments/17joihz/turkish_bazlama_flatbread_recipe/,https://i.redd.it/futfakuusaxb1.jpg
Cabbage Ramen with Pork,1698523985.0,300,0,0.97,300,14,False,reddit.com/r/recipes/comments/17im0mx/cabbage_ramen_with_pork/,https://i.redd.it/nrv0v63t30xb1.jpg
Lasagna Soup,1698345050.0,319,0,0.93,319,19,False,reddit.com/r/recipes/comments/17h34nk/lasagna_soup/,https://i.redd.it/tqtpdzcjblwb1.jpg
"Sous vide Chicken Breast with garlic wine butter sauce, goat cheese and balsamic drizzle",1698333946.0,88,0,0.88,88,6,False,reddit.com/r/recipes/comments/17gz0go/sous_vide_chicken_breast_with_garlic_wine_butter/,https://i.redd.it/hqdwgdtrekwb1.jpg
My Mom’s Chicken Corn Soup,1698250971.0,357,0,0.95,357,14,False,reddit.com/r/recipes/comments/17g8noa/my_moms_chicken_corn_soup/,https://i.redd.it/a78fvwmzjdwb1.jpg
Cuban Oxtail Stew - The Best!,1698122974.0,139,0,0.95,139,14,False,reddit.com/r/recipes/comments/17f4s5b/cuban_oxtail_stew_the_best/,https://i.redd.it/t0a5m79fz2wb1.png
Chicken and Rice Soup,1698088985.0,261,0,0.99,261,8,False,reddit.com/r/recipes/comments/17eso82/chicken_and_rice_soup/,https://i.redd.it/f9dlzkq860wb1.jpg
Cuban Ropa Vieja (Old Clothes),1698034481.0,355,0,0.98,355,58,False,reddit.com/r/recipes/comments/17ebwv1/cuban_ropa_vieja_old_clothes/,https://i.redd.it/6uwf1er9ovvb1.jpg
Quick ravioli salad,1697988373.0,65,0,0.92,65,3,False,reddit.com/r/recipes/comments/17dvsbs/quick_ravioli_salad/,https://i.redd.it/5u0g3lf7vrvb1.jpg
Homestyle Buttermilk Biscuits!,1697940536.0,16,0,1.0,16,1,False,reddit.com/r/recipes/comments/17dinyf/homestyle_buttermilk_biscuits/,https://i.redd.it/cxdffklwwnvb1.jpg
Shrimp &amp; Broccoli Soba Noodles with Dashi-Soy Dipping Sauce,1697828213.0,10,0,0.92,10,1,False,reddit.com/r/recipes/comments/17cim3c/shrimp_broccoli_soba_noodles_with_dashisoy/,https://i.redd.it/apvksztvmevb1.jpg
Chicken and Rice,1697819973.0,187,0,0.95,187,18,False,reddit.com/r/recipes/comments/17cfkpm/chicken_and_rice/,https://i.redd.it/02a9sxkdydvb1.jpg
Apple Jam,1697818595.0,106,0,0.97,106,16,False,reddit.com/r/recipes/comments/17cf204/apple_jam/,https://i.redd.it/did3ezcdudvb1.jpg
Masala dosa with sambar and potato masala,1697711386.0,22,0,1.0,22,2,False,reddit.com/r/recipes/comments/17bfywt/masala_dosa_with_sambar_and_potato_masala/,https://i.redd.it/h5dwlyvkz4vb1.jpg
Mushroom-Beef Chili with Cabbage Slaw,1697660690.0,141,0,0.9,141,6,False,reddit.com/r/recipes/comments/17b0eyw/mushroombeef_chili_with_cabbage_slaw/,https://i.redd.it/xc2svqnts0vb1.jpg
Pumpkin Whoopie Pies with Cream Cheese Filling,1697574263.0,234,0,0.95,234,23,False,reddit.com/r/recipes/comments/17a7qx3/pumpkin_whoopie_pies_with_cream_cheese_filling/,https://i.redd.it/687mtzmtntub1.jpg
Beef Ribs two ways,1697562989.0,42,0,0.86,42,7,False,reddit.com/r/recipes/comments/17a3fc2/beef_ribs_two_ways/,https://i.redd.it/gyucfgl7qsub1.jpg
Classic Lasagna,1697451383.0,190,0,0.97,190,7,False,reddit.com/r/recipes/comments/1792osc/classic_lasagna/,https://i.redd.it/eji0f4kgijub1.png
Ginger Chicken Soup with Peas and Noodles,1697404148.0,80,0,1.0,80,4,False,reddit.com/r/recipes/comments/178p52g/ginger_chicken_soup_with_peas_and_noodles/,https://i.redd.it/kz2hk74tlfub1.jpg
Polish Potato Pancakes (Placki Ziemniaczane),1697371963.0,536,0,0.98,536,60,False,reddit.com/r/recipes/comments/178e2qn/polish_potato_pancakes_placki_ziemniaczane/,https://i.redd.it/uwftnvv8ycub1.jpg
Chicken Stew,1697230159.0,231,0,0.98,231,19,False,reddit.com/r/recipes/comments/1778ckr/chicken_stew/,https://i.redd.it/uja80gnk81ub1.jpg
Easy Tomato Orzo,1697039661.0,252,0,0.98,252,13,False,reddit.com/r/recipes/comments/175hg1f/easy_tomato_orzo/,https://i.redd.it/ijjhuduzhltb1.jpg
Finnish Salmon Soup (Lohikeitto),1697036535.0,60,0,0.82,60,16,False,reddit.com/r/recipes/comments/175g4sk/finnish_salmon_soup_lohikeitto/,https://i.redd.it/fpb4eu7v8ltb1.png
Canadian Maple French Toast (Recipe),1696952413.0,121,0,0.93,121,4,False,reddit.com/r/recipes/comments/174oam3/canadian_maple_french_toast_recipe/,https://i.redd.it/2vuvc2ij9etb1.png
Tahu Goreng Vegan Indonesian Deep Fried Tofu,1696941619.0,31,0,0.94,31,4,False,reddit.com/r/recipes/comments/174k67v/tahu_goreng_vegan_indonesian_deep_fried_tofu/,https://i.redd.it/3ozsg97ledtb1.jpg
Autumn Apple Cinnamon Cookies (Recipe),1696609808.0,316,0,0.97,316,21,False,reddit.com/r/recipes/comments/171gvoj/autumn_apple_cinnamon_cookies_recipe/,https://i.redd.it/g5dkfmuyylsb1.png
Chicken Soup,1696507369.0,52,0,0.98,52,10,False,reddit.com/r/recipes/comments/170g6u2/chicken_soup/,https://i.redd.it/6r3y0pafjdsb1.jpg
"Baked Sweet Potato with Mushrooms, Cream Cheese &amp; Crunchy Chickpeas",1696424266.0,111,0,0.96,111,7,False,reddit.com/r/recipes/comments/16zmk8k/baked_sweet_potato_with_mushrooms_cream_cheese/,https://i.redd.it/cschuliqn6sb1.jpg
Chicken Soup with Farro and Leeks,1696356711.0,222,0,0.98,222,6,False,reddit.com/r/recipes/comments/16yz3nr/chicken_soup_with_farro_and_leeks/,https://i.redd.it/ljqp6gsd31sb1.jpg
Quinotto Poblano Corn &amp; Cheese Quinoa Risotto,1696250266.0,54,0,0.88,54,1,False,reddit.com/r/recipes/comments/16xvkhz/quinotto_poblano_corn_cheese_quinoa_risotto/,https://i.redd.it/ozrjz2fwasrb1.jpg
Shrimp in Coconut Broth,1696087541.0,192,0,0.94,192,5,False,reddit.com/r/recipes/comments/16w9p3x/shrimp_in_coconut_broth/,https://i.redd.it/57dg5mk1verb1.jpg
The Best Blondies (Recipe),1696016306.0,181,0,0.95,181,10,False,reddit.com/r/recipes/comments/16vl5u4/the_best_blondies_recipe/,https://i.redd.it/9i99rjh6z8rb1.png
Hats &amp; Broccoli,1695923539.0,96,0,0.92,96,9,False,reddit.com/r/recipes/comments/16umnww/hats_broccoli/,https://i.redd.it/1coys4u7b1rb1.jpg
easy braised chicken legs,1695851587.0,82,0,0.96,82,9,False,reddit.com/r/recipes/comments/16txb50/easy_braised_chicken_legs/,https://i.redd.it/5o22zeifdvqb1.jpg
Fish and Broccoli One Pot Rice Cooker Dinner,1695816884.0,54,0,0.78,54,5,False,reddit.com/r/recipes/comments/16tiy8m/fish_and_broccoli_one_pot_rice_cooker_dinner/,https://i.redd.it/qtbve6b8isqb1.jpg
Ghanaian Tiger Nuts Drink,1695745689.0,139,0,0.89,139,51,False,reddit.com/r/recipes/comments/16sslzz/ghanaian_tiger_nuts_drink/,https://i.redd.it/f1yxzzzjmmqb1.jpg
Best Tuna Salad,1695631835.0,77,0,0.86,77,11,False,reddit.com/r/recipes/comments/16rmpav/best_tuna_salad/,https://i.redd.it/yxpj1qe08dqb1.jpg
Honey Sriracha Wings,1695621149.0,94,0,0.99,94,4,False,reddit.com/r/recipes/comments/16rjuuw/honey_sriracha_wings/,https://i.redd.it/fx3y8rf8ccqb1.jpg
Blueberry Crumble (Recipe),1695413050.0,93,0,0.96,93,5,False,reddit.com/r/recipes/comments/16pjx7f/blueberry_crumble_recipe/,https://i.redd.it/y637qfi95vpb1.png
Chili Crisp Shrimp and Green Beans,1695395390.0,250,0,0.97,250,26,False,reddit.com/r/recipes/comments/16pct9e/chili_crisp_shrimp_and_green_beans/,https://i.redd.it/su5x42ypotpb1.jpg
[OC] Apple Cider Glazed Chicken,1695317780.0,191,0,0.94,191,13,False,reddit.com/r/recipes/comments/16olzdm/oc_apple_cider_glazed_chicken/,https://i.redd.it/7d7i5mu67npb1.jpg
Sweet and Spicy Pasta Salad,1695302153.0,95,0,0.95,95,7,False,reddit.com/r/recipes/comments/16ofo8m/sweet_and_spicy_pasta_salad/,https://i.redd.it/pmqugf6pzlpb1.jpg
Cream of Chicken Macaroni Soup,1695268335.0,45,0,0.98,45,1,False,reddit.com/r/recipes/comments/16o5oyj/cream_of_chicken_macaroni_soup/,https://i.redd.it/bb3mcrft5jpb1.jpg
Quick Beef Rice Bowl,1695222040.0,125,0,0.98,125,2,False,reddit.com/r/recipes/comments/16nnh7c/quick_beef_rice_bowl/,https://i.redd.it/dp3olu6hdfpb1.jpg
British Baked Cabbage with Cheese Casserole,1695124501.0,29,0,0.58,29,41,False,reddit.com/r/recipes/comments/16moy3d/british_baked_cabbage_with_cheese_casserole/,https://i.redd.it/watngfzfb7pb1.jpg
Antalya PİYAZ | Turkish White Bean &amp; Onion Salad with Tahini Dressing,1695043871.0,59,0,0.93,59,8,False,reddit.com/r/recipes/comments/16lvnqv/antalya_piyaz_turkish_white_bean_onion_salad_with/,https://i.redd.it/vso4ey09n0pb1.jpg
Homemade Cottage Cheese Scones,1695040370.0,59,0,0.96,59,1,False,reddit.com/r/recipes/comments/16lub6l/homemade_cottage_cheese_scones/,https://i.redd.it/7aj5au39d0pb1.jpg
Greek inspired dolmades,1694802666.0,199,0,0.94,199,15,False,reddit.com/r/recipes/comments/16jl0ca/greek_inspired_dolmades/,https://i.redd.it/ga107jcgqgob1.jpg
“Samusa” Burmese Samosa Soup,1694522861.0,157,0,0.96,157,12,False,reddit.com/r/recipes/comments/16gqhke/samusa_burmese_samosa_soup/,https://i.redd.it/n9lbkglgmtnb1.jpg
Mini Fish Burger with Fresh Green Sauce,1694421566.0,110,0,0.95,110,5,False,reddit.com/r/recipes/comments/16fpzz5/mini_fish_burger_with_fresh_green_sauce/,https://i.redd.it/tahb3t819lnb1.jpg
Potato-Leek Soup with Sage,1694367501.0,435,0,0.98,435,20,False,reddit.com/r/recipes/comments/16f6bk1/potatoleek_soup_with_sage/,https://i.redd.it/o3j5zulbsgnb1.jpg
Sage Scones with Cheddar &amp; Chives,1694266409.0,236,0,0.98,236,6,False,reddit.com/r/recipes/comments/16e5wv7/sage_scones_with_cheddar_chives/,https://i.redd.it/ue2h1xrsd8nb1.jpg
Red Kabocha Rice Soup,1694206853.0,57,0,0.95,57,2,False,reddit.com/r/recipes/comments/16dm2pt/red_kabocha_rice_soup/,https://i.redd.it/zo62eorqi3nb1.jpg
Brown Butter Almond Cookies (Recipe),1694197832.0,129,0,0.99,129,8,False,reddit.com/r/recipes/comments/16di8lf/brown_butter_almond_cookies_recipe/,https://i.redd.it/t8l1a64yr2nb1.jpg
A Very Delicious Potato Salad,1694111168.0,159,0,0.96,159,15,False,reddit.com/r/recipes/comments/16cmifs/a_very_delicious_potato_salad/,https://i.redd.it/ub1zhgl0mvmb1.jpg
Miso-Maple Tahini Noodle Salad,1693937228.0,149,0,0.96,149,2,False,reddit.com/r/recipes/comments/16avfiz/misomaple_tahini_noodle_salad/,https://i.redd.it/rr2qcb0n8hmb1.jpg
Thai Basil Chicken (Low-Carb with Cauliflower Rice),1693928704.0,111,0,0.92,111,14,False,reddit.com/r/recipes/comments/16arplc/thai_basil_chicken_lowcarb_with_cauliflower_rice/,https://i.redd.it/v15gw76ojgmb1.jpg
“Jin Thoke” Crunchy Burmese Pickled Ginger Salad,1693920527.0,128,0,0.95,128,2,False,reddit.com/r/recipes/comments/16aoatd/jin_thoke_crunchy_burmese_pickled_ginger_salad/,https://i.redd.it/l36sg8revfmb1.jpg
Vietnamese Beef Ragu/ Ragout (bò kho). Eat with French Baguette/Vietnamese baguette,1693840943.0,213,0,0.97,213,15,False,reddit.com/r/recipes/comments/169uuib/vietnamese_beef_ragu_ragout_bò_kho_eat_with/,https://i.redd.it/aci9t67ma9mb1.jpg
Easy homemade mayonnaise,1693790659.0,21,0,0.85,21,21,False,reddit.com/r/recipes/comments/169ea7n/easy_homemade_mayonnaise/,https://i.redd.it/zeyy7et855mb1.jpg
Apple Oatmeal Molasses Cookies (Recipe),1693593542.0,120,0,0.96,120,10,False,reddit.com/r/recipes/comments/167f8cq/apple_oatmeal_molasses_cookies_recipe/,https://i.redd.it/p28w2742volb1.jpg
French Toast Bites,1693337189.0,945,0,0.98,945,27,False,reddit.com/r/recipes/comments/164rrpi/french_toast_bites/,https://i.redd.it/fjcbpynqo3lb1.jpg
Sticky Toffee Pudding With Toasted Milk &amp; Vanilla Custard,1693137644.0,36,0,1.0,36,5,False,reddit.com/r/recipes/comments/162ok09/sticky_toffee_pudding_with_toasted_milk_vanilla/,https://i.redd.it/paybhqwl6nkb1.jpg
Mexican Hot Chocolate Cookies,1693115992.0,388,0,0.96,388,25,False,reddit.com/r/recipes/comments/162i7t8/mexican_hot_chocolate_cookies/,https://i.redd.it/b8fb0874flkb1.jpg
"Chilindrón: Spanish Lamb, Chicken, and Chorizo Stew",1693044134.0,424,0,0.97,424,25,False,reddit.com/r/recipes/comments/161r2lk/chilindrón_spanish_lamb_chicken_and_chorizo_stew/,https://i.redd.it/ttjas75bhfkb1.jpg
Corn &amp; Crab Bisque,1692983269.0,95,0,0.93,95,3,False,reddit.com/r/recipes/comments/16150vx/corn_crab_bisque/,https://imgur.com/gallery/HWiSbQK
Bubble and Squeak,1692949958.0,238,0,0.95,238,15,False,reddit.com/r/recipes/comments/160sk3v/bubble_and_squeak/,https://i.redd.it/pyoqqzl6p7kb1.png
Cuñapez (Bolivian Cheese Bread),1692303029.0,71,0,1.0,71,10,False,reddit.com/r/recipes/comments/15ty8qk/cuñapez_bolivian_cheese_bread/,https://i.redd.it/nco17p7g9qib1.jpg
Thai Pomelo Salad,1692259295.0,43,0,0.97,43,5,False,reddit.com/r/recipes/comments/15tgsuc/thai_pomelo_salad/,https://i.redd.it/sn5llw4pnmib1.jpg
Kimchi Ramen with Tofu,1692198590.0,128,0,0.96,128,11,False,reddit.com/r/recipes/comments/15ssik2/kimchi_ramen_with_tofu/,https://i.redd.it/xym3pxt4nhib1.jpg
Leek and Potato Soup,1692165653.0,142,0,0.97,142,6,False,reddit.com/r/recipes/comments/15sh5i2/leek_and_potato_soup/,https://i.redd.it/haoit5r9xeib1.jpg
Fresh Rice Noodles With Thai Fish Curry,1692112211.0,63,0,0.9,63,7,False,reddit.com/r/recipes/comments/15rvdvb/fresh_rice_noodles_with_thai_fish_curry/,https://i.redd.it/o7926gobiaib1.jpg
Veggie balls made with red beans and mushroom | Tastes like real meat.,1692087273.0,98,0,0.76,98,40,False,reddit.com/r/recipes/comments/15rmdu6/veggie_balls_made_with_red_beans_and_mushroom/,https://i.redd.it/jplvc2x2g8ib1.jpg
Pork Tenderloin with Ricotta Mashed Potatoes and Spinach,1692027180.0,406,0,0.98,406,13,False,reddit.com/r/recipes/comments/15qxzx3/pork_tenderloin_with_ricotta_mashed_potatoes_and/,https://i.redd.it/5ai65m3hh3ib1.jpg
Roast Squash and Apples,1691971727.0,92,0,0.91,92,2,False,reddit.com/r/recipes/comments/15qep4i/roast_squash_and_apples/,https://i.redd.it/5g34xvimwyhb1.jpg
One-Pot Chickpeas and Rice,1691786484.0,131,0,0.99,131,9,False,reddit.com/r/recipes/comments/15ok2bb/onepot_chickpeas_and_rice/,https://i.redd.it/bpyflftlljhb1.jpg
Lemon Polenta Cake (Recipe),1691780388.0,74,0,0.96,74,4,False,reddit.com/r/recipes/comments/15ohf16/lemon_polenta_cake_recipe/,https://i.redd.it/u52poxxm3jhb1.png
Korean style Prawn Scallion Pancakes,1691764325.0,95,0,0.98,95,10,False,reddit.com/r/recipes/comments/15oaixi/korean_style_prawn_scallion_pancakes/,https://i.redd.it/p9lf4a2xrhhb1.jpg
Jamaican Beef Patties,1691763570.0,395,0,0.97,395,22,False,reddit.com/r/recipes/comments/15oa7sq/jamaican_beef_patties/,https://i.redd.it/nuz6cxwjphhb1.jpg
Roasted Tomato and Mozzarella Caprese Risotto,1691589960.0,313,0,0.97,313,11,False,reddit.com/r/recipes/comments/15mgc3z/roasted_tomato_and_mozzarella_caprese_risotto/,https://i.redd.it/s1zguaxfd3hb1.jpg
Vardabit - A complete vegetarian meal with white beans &amp; tahini.,1691475250.0,63,0,0.92,63,5,False,reddit.com/r/recipes/comments/15l9i7q/vardabit_a_complete_vegetarian_meal_with_white/,https://i.redd.it/vcvu3faevtgb1.png
Battenberg Cookies (Recipe),1691263189.0,62,0,0.98,62,3,False,reddit.com/r/recipes/comments/15j453z/battenberg_cookies_recipe/,https://i.redd.it/4mee9kcedcgb1.png
Khao Moo Dang (Thai Red Pork),1691227643.0,335,0,0.97,335,9,False,reddit.com/r/recipes/comments/15ir3lv/khao_moo_dang_thai_red_pork/,https://i.redd.it/uz05ov12g9gb1.jpg
"Upgraded Checker's Funnel Cake Fries, ours on the right!",1691008730.0,64,0,0.82,64,18,False,reddit.com/r/recipes/comments/15gk450/upgraded_checkers_funnel_cake_fries_ours_on_the/,https://i.redd.it/6gndwm35drfb1.jpg
Shawarma-Spiced Chicken with Saffron Rice,1690913913.0,378,0,0.98,378,5,False,reddit.com/r/recipes/comments/15fkcv9/shawarmaspiced_chicken_with_saffron_rice/,https://i.redd.it/u3esqvv3jjfb1.jpg
Yum Talay (Thai Seafood Salad),1690855128.0,178,0,0.96,178,9,False,reddit.com/r/recipes/comments/15ez164/yum_talay_thai_seafood_salad/,https://i.redd.it/opespr2eoefb1.jpg
Classic potato salad with a special sauce.,1690812756.0,133,0,0.94,133,18,False,reddit.com/r/recipes/comments/15ehc6v/classic_potato_salad_with_a_special_sauce/,https://i.redd.it/ampfq7xb6bfb1.jpg
Green Curry Tofu,1690746036.0,254,0,0.95,254,13,False,reddit.com/r/recipes/comments/15dubtr/green_curry_tofu/,https://i.redd.it/yiwyn42wn5fb1.jpg
Tempeh Lettuce Wraps (Vegan),1690708499.0,171,0,0.93,171,4,False,reddit.com/r/recipes/comments/15dh1ho/tempeh_lettuce_wraps_vegan/,https://i.redd.it/9vuioflek2fb1.jpg
Homemade Fried Rice with Steak and Shrimp,1690136950.0,45,0,0.93,45,3,False,reddit.com/r/recipes/comments/157m9bz/homemade_fried_rice_with_steak_and_shrimp/,https://i.redd.it/7k3o5s7ybrdb1.jpg
Chili Garlic Noodles,1690088893.0,316,0,0.99,316,11,False,reddit.com/r/recipes/comments/1575mb9/chili_garlic_noodles/,https://i.redd.it/xa3unohzdndb1.jpg
Ube Condensed Milk Cookies (Recipe),1689960384.0,248,0,0.96,248,7,False,reddit.com/r/recipes/comments/155ue1y/ube_condensed_milk_cookies_recipe/,https://i.redd.it/bp8s90etrcdb1.jpg
"How to cook Risotto tomato basil and pecorino cheese - recipe by Vito Chef (Salerno, Italy)",1689943065.0,277,0,0.95,277,17,False,reddit.com/r/recipes/comments/155munc/how_to_cook_risotto_tomato_basil_and_pecorino/,https://i.redd.it/ssplloeccbdb1.jpg
Roast Pork Tenderloin with Potatoes and Spinach,1689859748.0,413,0,0.97,413,12,False,reddit.com/r/recipes/comments/154qzev/roast_pork_tenderloin_with_potatoes_and_spinach/,https://i.redd.it/kk7dtxvlg4db1.jpg
Patate in Umido Tuscan Potatoes,1689779398.0,208,0,0.95,208,6,False,reddit.com/r/recipes/comments/153xowd/patate_in_umido_tuscan_potatoes/,https://i.redd.it/i113vk3ptxcb1.jpg
Thai Beef Salad - Yum Nua,1689655443.0,50,0,1.0,50,8,False,reddit.com/r/recipes/comments/152oht8/thai_beef_salad_yum_nua/,https://i.redd.it/yq7ss4u1lncb1.jpg
Chinese braised king trumpet mushrooms,1689627816.0,283,0,0.95,283,10,False,reddit.com/r/recipes/comments/152dyua/chinese_braised_king_trumpet_mushrooms/,https://i.redd.it/pwj8x0qyalcb1.jpg
"Basil Olive Oil Recipe by Vito Chef Salerno, Italy (for Pasta, Bruschette, etc.)",1689605316.0,37,0,0.95,37,7,False,reddit.com/r/recipes/comments/15241la/basil_olive_oil_recipe_by_vito_chef_salerno_italy/,https://i.redd.it/7jcru59zfjcb1.jpg
Mushroom Fried Rice,1689363550.0,162,0,0.99,162,7,False,reddit.com/r/recipes/comments/14zpxdq/mushroom_fried_rice/,https://i.redd.it/wa8p20j4hzbb1.jpg
Snickerdoodles (Recipe),1689347816.0,309,0,0.97,309,6,False,reddit.com/r/recipes/comments/14zj5hh/snickerdoodles_recipe/,https://i.redd.it/o7m1gbcb6ybb1.jpg
"""Over the Top"" Smoked Chili",1689345691.0,42,0,0.87,42,14,False,reddit.com/r/recipes/comments/14zi91b/over_the_top_smoked_chili/,https://i.redd.it/gukn3urwzxbb1.jpg
Korean Corn Cheese,1689226234.0,392,0,0.96,392,21,False,reddit.com/r/recipes/comments/14ybtc7/korean_corn_cheese/,https://i.redd.it/ajtdpv6v4obb1.jpg
Spicy Chinese Shredded Potato Salad,1689164166.0,29,0,0.92,29,2,False,reddit.com/r/recipes/comments/14xmxmx/spicy_chinese_shredded_potato_salad/,https://i.redd.it/or9ri35b0jbb1.jpg
Tom Yum Fried Rice,1689134731.0,477,0,0.98,477,12,False,reddit.com/r/recipes/comments/14xdg5v/tom_yum_fried_rice/,https://i.redd.it/vl2k63jqkgbb1.jpg
Chickpea and Couscous Soup,1689089336.0,376,0,0.98,376,19,False,reddit.com/r/recipes/comments/14wug4v/chickpea_and_couscous_soup/,https://i.redd.it/djnfdtomtcbb1.jpg
Masala Pav (Bread buns stuffed with spicy vegetables),1689047381.0,167,0,0.94,167,4,False,reddit.com/r/recipes/comments/14wfxw5/masala_pav_bread_buns_stuffed_with_spicy/,https://i.redd.it/rs85kdt1d9bb1.jpg
Cajun Pastalaya,1688930889.0,511,0,0.98,511,9,False,reddit.com/r/recipes/comments/14v7brc/cajun_pastalaya/,https://i.redd.it/m3bh7t5lqzab1.jpg
Aleppo Pepper Spiced Shrimp with Creamed Corn,1688831521.0,636,0,0.98,636,34,False,reddit.com/r/recipes/comments/14u7qyi/aleppo_pepper_spiced_shrimp_with_creamed_corn/,https://i.redd.it/t2umnml2jrab1.jpg
Condensed Milk Cookies (Brazilian Sequilhos) - Recipe,1688829368.0,147,0,0.97,147,10,False,reddit.com/r/recipes/comments/14u6upk/condensed_milk_cookies_brazilian_sequilhos_recipe/,https://i.redd.it/yvrfhpt6crab1.jpg
Radish Rice Bowl with Charred Scallion-Dill Sauce,1688679526.0,172,0,0.96,172,7,False,reddit.com/r/recipes/comments/14smpo6/radish_rice_bowl_with_charred_scalliondill_sauce/,https://i.redd.it/wnwzb256zeab1.jpg
Refreshing Thai Corn Salad,1688656811.0,21,0,1.0,21,4,False,reddit.com/r/recipes/comments/14scb5e/refreshing_thai_corn_salad/,https://i.redd.it/t3nle7hn3dab1.jpg
Carbone's Spicy Rigatoni Copycat,1688646916.0,348,0,0.97,348,16,False,reddit.com/r/recipes/comments/14s7wy9/carbones_spicy_rigatoni_copycat/,https://i.redd.it/x6ziobf9acab1.jpg
Chicken Parm with Pasta,1688606001.0,41,0,0.92,41,6,False,reddit.com/r/recipes/comments/14rthxy/chicken_parm_with_pasta/,https://i.redd.it/hd6e9valw8ab1.jpg
4th of July Coconut Sandwich Cookies (Recipe),1688489604.0,272,0,0.9,272,8,False,reddit.com/r/recipes/comments/14qkhxn/4th_of_july_coconut_sandwich_cookies_recipe/,https://i.redd.it/zb4mjjhfaz9b1.jpg
Canadian Maple Syrup Cookies (Recipe),1688312093.0,431,0,0.97,431,18,False,reddit.com/r/recipes/comments/14or7m6/canadian_maple_syrup_cookies_recipe/,https://i.redd.it/2fa0leammk9b1.png
Chinese Walnut Chicken,1688278046.0,204,0,0.95,204,7,False,reddit.com/r/recipes/comments/14ogock/chinese_walnut_chicken/,https://i.redd.it/dlhgix6fth9b1.jpg
Healthy Thai Pork Salad,1688277091.0,76,0,0.86,76,3,False,reddit.com/r/recipes/comments/14oge5b/healthy_thai_pork_salad/,https://i.redd.it/91drizciqh9b1.jpg
"Special dish Italian ratatoiulle here called Ciambotta - with eggplants, peppers, potetoes and tomatos - recipe by Vito Chef Italy",1688230887.0,32,0,0.98,32,3,False,reddit.com/r/recipes/comments/14o00zu/special_dish_italian_ratatoiulle_here_called/,https://i.redd.it/muqn28t5xd9b1.png
Maple Glazed Beet And Goat Cheese Salad w/ Fig Vinaigrette,1688130018.0,279,0,0.94,279,14,False,reddit.com/r/recipes/comments/14mzrfy/maple_glazed_beet_and_goat_cheese_salad_w_fig/,https://i.redd.it/bvxbj2b9l59b1.jpg
Potato Shreds - quick and easy recipe,1688014077.0,203,0,0.94,203,17,False,reddit.com/r/recipes/comments/14lvevo/potato_shreds_quick_and_easy_recipe/,https://i.redd.it/0pq7977i0w8b1.jpg
PEAR KEBAB: Pear Shaped Silky Eggplant Coated with Minced Meat/Kofte,1687762285.0,246,0,0.93,246,10,False,reddit.com/r/recipes/comments/14j9peo/pear_kebab_pear_shaped_silky_eggplant_coated_with/,https://i.redd.it/2o9k7jkb7b8b1.png
Eggroll in a bowl,1687719543.0,28,0,0.97,28,5,False,reddit.com/r/recipes/comments/14iu4a2/eggroll_in_a_bowl/,https://i.redd.it/gva3fuiko78b1.jpg
Loco Moco,1687686407.0,446,0,0.94,446,21,False,reddit.com/r/recipes/comments/14ii835/loco_moco/,https://i.redd.it/gdlsjeb6y48b1.jpg
Homemade Cinnamon Sugar Donuts,1687632482.0,156,0,0.98,156,5,False,reddit.com/r/recipes/comments/14i0est/homemade_cinnamon_sugar_donuts/,https://i.redd.it/xh8ecwsrh08b1.png
"Risotto al Limone recipe by Vito Chef (Salerno,Italy)",1687513655.0,130,0,0.89,130,11,False,reddit.com/r/recipes/comments/14gu91l/risotto_al_limone_recipe_by_vito_chef_salernoitaly/,https://i.redd.it/ywwtod3hoq7b1.jpg
Thai Green Curry,1687507044.0,409,0,0.94,409,12,False,reddit.com/r/recipes/comments/14gsf3l/thai_green_curry/,https://i.redd.it/3scb9hot4q7b1.jpg
Vegan Tomato-Corn Chowder,1687362141.0,111,0,0.96,111,13,False,reddit.com/r/recipes/comments/14fb56v/vegan_tomatocorn_chowder/,https://i.redd.it/utkky9ou5e7b1.jpg
Flourless fudgy chocolate cake.,1687357346.0,57,0,0.97,57,7,False,reddit.com/r/recipes/comments/14f93ch/flourless_fudgy_chocolate_cake/,https://i.redd.it/ey692gaprd7b1.jpg
Dark Chocolate Dipped Almond Flour Biscuits (Recipe),1687288373.0,305,0,0.94,305,19,False,reddit.com/r/recipes/comments/14ek4qb/dark_chocolate_dipped_almond_flour_biscuits_recipe/,https://i.redd.it/w7sir5tq187b1.jpg
Pav bhaji in instant pot - Indian cuisine - vegetable curry served with bun bread,1687231076.0,20,0,0.8,20,5,False,reddit.com/r/recipes/comments/14dzg67/pav_bhaji_in_instant_pot_indian_cuisine_vegetable/,https://i.redd.it/fff3zqu8c37b1.jpg
Oven Fried Calamari,1687196098.0,369,0,0.93,369,17,False,reddit.com/r/recipes/comments/14dl1u4/oven_fried_calamari/,https://i.redd.it/t8t0c008g07b1.jpg
"Pesto alla Genovese - with my fresh Big Basil from Salerno, Italy (by Vito Chef)",1687172562.0,9,0,0.8,9,1,False,reddit.com/r/recipes/comments/14dbhw6/pesto_alla_genovese_with_my_fresh_big_basil_from/,https://i.redd.it/ikyhom67iy6b1.jpg
Malaysian Red Curry Noodles,1687029609.0,586,0,0.97,586,20,False,reddit.com/r/recipes/comments/14bzaqu/malaysian_red_curry_noodles/,https://i.redd.it/k8xb6mkwom6b1.jpg
Ghana Fried Rice,1687029061.0,118,0,0.98,118,22,False,reddit.com/r/recipes/comments/14bz36r/ghana_fried_rice/,https://i.redd.it/1qncaifjnm6b1.jpg
Ube Crinkle Cookies (Recipe),1686932089.0,298,0,0.92,298,5,False,reddit.com/r/recipes/comments/14b0yb6/ube_crinkle_cookies_recipe/,https://i.redd.it/9jaifby5ne6b1.jpg
Shawarma-Spiced Meatball Salad Bowl,1686507253.0,1103,0,1.0,1103,27,True,reddit.com/r/recipes/comments/1470xkd/shawarmaspiced_meatball_salad_bowl/,https://i.redd.it/n1rkdfbujf5b1.jpg
Chicken-and-Sausage Gumbo,1686397072.0,719,0,0.95,719,33,False,reddit.com/r/recipes/comments/145y0wn/chickenandsausage_gumbo/,https://i.redd.it/liofcq4bg65b1.jpg
Strawberry Pana Cotta,1686339167.0,61,0,0.99,61,10,False,reddit.com/r/recipes/comments/145ehqh/strawberry_pana_cotta/,https://i.redd.it/dd0f1x24o15b1.jpg
Makhana snacks - fox nuts/puffed lotus seeds - Low Calorie healthy recipe,1686104154.0,379,0,0.96,379,11,False,reddit.com/r/recipes/comments/1430isb/makhana_snacks_fox_nutspuffed_lotus_seeds_low/,https://i.redd.it/b7c0akxa9i4b1.jpg
Irish Oat Cookies (Recipe),1685821680.0,445,0,0.97,445,54,False,reddit.com/r/recipes/comments/13znd8k/irish_oat_cookies_recipe/,https://i.redd.it/og5tubqcxu3b1.jpg
Chicken Pineapple Fried Rice,1685773138.0,194,0,0.98,194,22,False,reddit.com/r/recipes/comments/13z36ls/chicken_pineapple_fried_rice/,https://i.redd.it/ie4jqqpzwq3b1.jpg
Prosciutto Bread,1685551707.0,99,0,0.95,99,8,False,reddit.com/r/recipes/comments/13wrgiu/prosciutto_bread/,https://i.redd.it/43234f8km83b1.jpg
Creamy Garlic Lemon Dill Hummus,1685459293.0,99,0,0.97,99,10,False,reddit.com/r/recipes/comments/13vsu11/creamy_garlic_lemon_dill_hummus/,https://i.redd.it/hlt35ft9iz2b1.jpg
"Pasta alla Carbonara by Vito chef Salerno, Italy - Procedure and recipe very easy",1685450418.0,493,0,0.89,493,43,True,reddit.com/r/recipes/comments/13vp7al/pasta_alla_carbonara_by_vito_chef_salerno_italy/,https://i.redd.it/z0i9o6yvry2b1.jpg
"Green lentil pilaf, MÜCANDARA.",1685351141.0,71,0,0.91,71,14,True,reddit.com/r/recipes/comments/13upjl2/green_lentil_pilaf_mücandara/,https://i.redd.it/kl7l9uqr1s2b1.jpg
slow-cooked fall apart blade roast,1685193762.0,568,0,0.96,568,15,False,reddit.com/r/recipes/comments/13t7dhp/slowcooked_fall_apart_blade_roast/,https://i.redd.it/b11myg482f2b1.jpg
"Pasta mushrooms peas and sausage - Pasta alla boscaiola by Vito Chef (Salerno, Italy)",1685190528.0,31,0,0.76,31,9,True,reddit.com/r/recipes/comments/13t663p/pasta_mushrooms_peas_and_sausage_pasta_alla/,https://i.redd.it/5m0fqajwad2b1.jpg
Chicken Enchiladas,1685118419.0,317,0,0.91,317,24,False,reddit.com/r/recipes/comments/13shrga/chicken_enchiladas/,https://i.redd.it/km11yc68u82b1.jpg
Banana Nut Muffins,1685101291.0,234,0,0.98,234,9,True,reddit.com/r/recipes/comments/13sau4y/banana_nut_muffins/,https://i.redd.it/iau8wii2r42b1.jpg
Instant Pot Chinese Braised Beef and Daikon,1684945922.0,454,0,0.96,454,20,False,reddit.com/r/recipes/comments/13qqf4i/instant_pot_chinese_braised_beef_and_daikon/,https://i.redd.it/025fblwk3t1b1.jpg
Bold Smoked Baby Back Ribs,1684799877.0,18,0,0.85,18,6,False,reddit.com/r/recipes/comments/13p7tox/bold_smoked_baby_back_ribs/,https://i.redd.it/543pnd91ji1b1.jpg
One pot creamy chicken with potatoes,1684525639.0,54,0,0.91,54,8,False,reddit.com/r/recipes/comments/13m5ruh/one_pot_creamy_chicken_with_potatoes/,https://i.redd.it/451ejh4lvv0b1.jpg
Pesto Risotto,1684515529.0,137,0,0.99,137,11,True,reddit.com/r/recipes/comments/13m19an/pesto_risotto/,https://i.redd.it/t1yvhyrxjt0b1.jpg
Rainbow Vanilla Funfetti Cookies (Recipe),1684512658.0,622,0,0.96,622,15,False,reddit.com/r/recipes/comments/13lzz2p/rainbow_vanilla_funfetti_cookies_recipe/,https://i.redd.it/y0y62j2fbt0b1.jpg
Thai Fried Chicken With Fish Sauce,1684390170.0,581,0,0.97,581,20,False,reddit.com/r/recipes/comments/13kq8jj/thai_fried_chicken_with_fish_sauce/,https://i.redd.it/sn96fq257j0b1.jpg
Fresh Tuna Salad,1684272844.0,29,0,0.87,29,3,False,reddit.com/r/recipes/comments/13jhy33/fresh_tuna_salad/,https://i.redd.it/dzdzgdvvza0b1.jpg
Ragù di Salsiccia,1684244362.0,445,0,0.96,445,15,False,reddit.com/r/recipes/comments/13j5iv0/ragù_di_salsiccia/,https://i.redd.it/staxlkm6n80b1.jpg
Summer Citrus Saffron Peanut Salad,1684162012.0,363,0,0.95,363,7,False,reddit.com/r/recipes/comments/13iafag/summer_citrus_saffron_peanut_salad/,https://i.redd.it/37nhbhdsc00b1.jpg
Smoked Pork Shoulder,1683993963.0,377,0,0.87,377,57,False,reddit.com/r/recipes/comments/13glf4w/smoked_pork_shoulder/,https://i.redd.it/53fht83nynza1.jpg
Aromatic Middle Eastern Stuffed Cabbage Leaves,1683842921.0,745,0,0.97,745,34,False,reddit.com/r/recipes/comments/13f1qoy/aromatic_middle_eastern_stuffed_cabbage_leaves/,https://i.redd.it/3j2qz6qtz9za1.jpg
Hawaiian-Curry Fusion Burgers,1683822373.0,156,0,0.92,156,14,False,reddit.com/r/recipes/comments/13es6z8/hawaiiancurry_fusion_burgers/,https://i.redd.it/moul7q3fs9za1.jpg
Glazed Smoked Chicken Drumsticks,1683772826.0,149,0,0.96,149,8,False,reddit.com/r/recipes/comments/13eaw4q/glazed_smoked_chicken_drumsticks/,https://i.redd.it/mrr19os2p5za1.jpg
Strawberry Cream Dutch Baby,1683643131.0,1530,0,0.99,1530,38,False,reddit.com/r/recipes/comments/13csdcy/strawberry_cream_dutch_baby/,https://i.redd.it/mdhdivjmhtya1.jpg
Lilac Whipped Cream,1683576000.0,569,0,0.97,569,23,False,reddit.com/r/recipes/comments/13c2xyf/lilac_whipped_cream/,https://i.redd.it/ge7b3hqtfpya1.jpg
Creamy Spinach Pasta Sauce,1683569721.0,576,0,0.98,576,17,True,reddit.com/r/recipes/comments/13bzzx7/creamy_spinach_pasta_sauce/,https://i.redd.it/kehm18egfnya1.jpg
Barabacoca-cola,1683492935.0,26,0,0.78,26,2,False,reddit.com/r/recipes/comments/13b2ke9/barabacocacola/,https://i.redd.it/c3ijuzptkiya1.jpg
Homemade Pecan Pie Bars,1683397258.0,729,0,0.98,729,40,True,reddit.com/r/recipes/comments/139xsc2/homemade_pecan_pie_bars/,https://i.redd.it/8qne1f8r69ya1.jpg
"""Everything Pizza"" Stuffed Peppers - MUST TRY",1683246124.0,66,0,0.94,66,6,False,reddit.com/r/recipes/comments/13850pv/everything_pizza_stuffed_peppers_must_try/,https://i.redd.it/8kj9u0y1pwxa1.jpg
Healthy Chocolate Banana Blender Two-Bite Brownies,1683222894.0,48,0,0.91,48,3,False,reddit.com/r/recipes/comments/137uq8q/healthy_chocolate_banana_blender_twobite_brownies/,https://i.redd.it/jrq58zyu9wxa1.jpg
Dark Chocolate Chunk Banana Bread (Recipe),1683124317.0,63,0,0.97,63,7,False,reddit.com/r/recipes/comments/136n6mc/dark_chocolate_chunk_banana_bread_recipe/,https://i.redd.it/20wfu6jkmmxa1.jpg
Miso Sesame Soba Noodles,1683096419.0,293,0,0.96,293,11,False,reddit.com/r/recipes/comments/136ctsm/miso_sesame_soba_noodles/,https://i.redd.it/m6wkffnrtlxa1.jpg
"Lemon Chicken Pasta Salad with Basil, Asparagus, and Goat Cheese",1683060724.0,100,0,0.94,100,1,False,reddit.com/r/recipes/comments/135zvz9/lemon_chicken_pasta_salad_with_basil_asparagus/,https://i.redd.it/avresm8nvixa1.jpg
Comforting Lebanese Stuffed Peppers,1682975005.0,88,0,0.98,88,7,False,reddit.com/r/recipes/comments/13517gz/comforting_lebanese_stuffed_peppers/,https://i.redd.it/frgfled3baxa1.jpg
Coca-Cola Chicken Wings,1682821992.0,111,0,0.91,111,18,False,reddit.com/r/recipes/comments/133docg/cocacola_chicken_wings/,https://i.redd.it/0xy32pv7oxwa1.jpg
Pasta al ragù di hamburger e pomodori pelati by Vito Chef Italy (Easy recipe but delicious). Try to cook it following my recipe and let me know the result.,1682765483.0,22,0,0.93,22,7,True,reddit.com/r/recipes/comments/132ptea/pasta_al_ragù_di_hamburger_e_pomodori_pelati_by/,https://i.redd.it/cl8jz2t00twa1.jpg
Chocolate Fudge Dulce de Leche Thumbprint Cookies (Recipe),1682707494.0,271,0,0.98,271,7,False,reddit.com/r/recipes/comments/1326747/chocolate_fudge_dulce_de_leche_thumbprint_cookies/,https://i.redd.it/45kfk9uq7owa1.jpg
Cucumber and Sour Cream Salad,1682707122.0,715,0,0.96,715,48,True,reddit.com/r/recipes/comments/1326146/cucumber_and_sour_cream_salad/,https://i.redd.it/ogu8cfwf6owa1.jpg
Puff Pastry Cookies. Turn your pastry scraps into a tasty treat with this simple recipe.,1682666440.0,912,0,0.97,912,23,True,reddit.com/r/recipes/comments/131kkxj/puff_pastry_cookies_turn_your_pastry_scraps_into/,https://i.redd.it/97ovp2hgtkwa1.jpg
Pasta Peperoni and Ricotta cheese (how to make Peperoni sauce very very creamy) recipe by Vito Chef (Italy). Try to cook it and let me know the result :-),1682594588.0,511,0,0.94,511,63,True,reddit.com/r/recipes/comments/130ipav/pasta_peperoni_and_ricotta_cheese_how_to_make/,https://i.redd.it/l9tc8rj0wewa1.jpg
Quick &amp; Easy Indian-Style Spicy Potato Fry,1682526748.0,54,0,0.97,54,2,True,reddit.com/r/recipes/comments/12zp5mp/quick_easy_indianstyle_spicy_potato_fry/,https://i.redd.it/r6xch4ep99wa1.jpg
Mushroom Chicken,1682488708.0,63,0,0.94,63,5,False,reddit.com/r/recipes/comments/12z85iw/mushroom_chicken/,https://i.redd.it/6zvmqgb756wa1.jpg
Balsamic Roasted Brussels Sprouts with Guanciale,1682440495.0,1470,0,0.98,1470,36,True,reddit.com/r/recipes/comments/12yoix5/balsamic_roasted_brussels_sprouts_with_guanciale/,https://i.redd.it/3nsjlx9p52wa1.jpg
Chicken meatballs in creamy sauce. It’s a delicious dish that can be prepared in a short amount of time,1682410677.0,66,0,0.91,66,5,True,reddit.com/r/recipes/comments/12ycr28/chicken_meatballs_in_creamy_sauce_its_a_delicious/,https://i.redd.it/v20un2ryozva1.jpg
Soft Turkish Bread (Bazlama),1682371053.0,1017,0,0.98,1017,29,False,reddit.com/r/recipes/comments/12xwuaf/soft_turkish_bread_bazlama/,https://i.redd.it/sti66x39fwva1.jpg
Double Fudge Cake Mix Cookies,1682348436.0,71,0,0.94,71,7,False,reddit.com/r/recipes/comments/12xjaw4/double_fudge_cake_mix_cookies/,https://i.redd.it/dmp9l2k2kuva1.jpg
Khua Kling (Thai Dry Mince Curry),1682340209.0,257,0,0.98,257,20,False,reddit.com/r/recipes/comments/12xegsz/khua_kling_thai_dry_mince_curry/,https://i.redd.it/6l1xzpdmvtva1.jpg
Creamy Beef Stroganoff,1682304335.0,362,0,0.98,362,11,False,reddit.com/r/recipes/comments/12x0998/creamy_beef_stroganoff/,https://i.redd.it/4tic3jeiesva1.jpg
Almond Flour Banana Bars,1682280668.0,25,0,0.94,25,5,True,reddit.com/r/recipes/comments/12wofue/almond_flour_banana_bars/,https://i.redd.it/w71hbkyiyova1.png
Oatmeal Creme Pie Cheesecake,1682277521.0,172,0,0.98,172,7,True,reddit.com/r/recipes/comments/12wmr41/oatmeal_creme_pie_cheesecake/,https://i.redd.it/pxowbg14pova1.jpg
Lemon Honey Cookies (Recipe),1682095602.0,929,0,0.98,929,11,False,reddit.com/r/recipes/comments/12uagma/lemon_honey_cookies_recipe/,https://i.redd.it/q14qouu8o9va1.png
White chicken enchiladas,1682043926.0,85,0,0.94,85,11,False,reddit.com/r/recipes/comments/12tngcc/white_chicken_enchiladas/,https://i.redd.it/7qixo7i5d5va1.jpg
Spinach Pie (Spanakopita),1682012481.0,28,0,0.9,28,4,False,reddit.com/r/recipes/comments/12t95uq/spinach_pie_spanakopita/,https://i.redd.it/6et654y2t2va1.jpg
My Dad's West Virginia Style Hot Dog Sauce,1682008488.0,1220,0,0.97,1220,116,True,reddit.com/r/recipes/comments/12t75b6/my_dads_west_virginia_style_hot_dog_sauce/,https://i.redd.it/fij2aja8h2va1.jpg
Quick Instant Pot Chicken Biryani,1682002381.0,77,0,0.98,77,2,False,reddit.com/r/recipes/comments/12t232z/quick_instant_pot_chicken_biryani/,https://i.redd.it/b2bk7970z1va1.jpg
Blueberry Cheesecake,1681952604.0,1010,0,0.99,1010,18,False,reddit.com/r/recipes/comments/12sgqnx/blueberry_cheesecake/,https://i.redd.it/c87ow213vxua1.jpg
Homemade Mexican Tortillas de Maiz,1681906889.0,1166,0,0.98,1166,38,False,reddit.com/r/recipes/comments/12rreji/homemade_mexican_tortillas_de_maiz/,https://i.redd.it/j3cjxrg53uua1.jpg
Migas con Huevo Mexican Tortilla Scrambled Eggs,1681824087.0,946,0,0.97,946,43,False,reddit.com/r/recipes/comments/12qmwqh/migas_con_huevo_mexican_tortilla_scrambled_eggs/,https://i.redd.it/20o51x6y8nua1.jpg
Mouth Watering Middle Eastern Chicken Shawarma,1681766190.0,40,0,1.0,40,2,False,reddit.com/r/recipes/comments/12px5vn/mouth_watering_middle_eastern_chicken_shawarma/,https://i.redd.it/us0qtijpgiua1.jpg
"Easy breakfast recipe with eggs, broccoli and potatoes",1681698956.0,366,0,0.94,366,14,False,reddit.com/r/recipes/comments/12oyrs9/easy_breakfast_recipe_with_eggs_broccoli_and/,https://i.redd.it/397h1hcuwcua1.png
"Spaghetti al pomodoro by Vito Chef (Salerno, Italy) - sauce made with first cherry tomatoes grown in my garden",1681643775.0,949,0,0.96,949,20,True,reddit.com/r/recipes/comments/12o570p/spaghetti_al_pomodoro_by_vito_chef_salerno_italy/,https://i.redd.it/69jcgptmc8ua1.jpg
Ghanaian Peanut Butter Soup,1681559215.0,1019,0,0.95,1019,73,False,reddit.com/r/recipes/comments/12mzo2n/ghanaian_peanut_butter_soup/,https://i.redd.it/d6obuqsuu2ua1.jpg
Irresistible Arabic Beehive Sweet Buns,1681420029.0,987,0,0.98,987,20,False,reddit.com/r/recipes/comments/12l4lh4/irresistible_arabic_beehive_sweet_buns/,https://i.redd.it/1ydx4gwevpta1.jpg
Thai Holy Basil Stir-Fry (Pad Kra Pao),1681366678.0,74,0,0.99,74,14,False,reddit.com/r/recipes/comments/12kegt2/thai_holy_basil_stirfry_pad_kra_pao/,https://i.redd.it/wu3nxm1rglta1.jpg
Keema Curry,1681343145.0,807,0,0.97,807,30,False,reddit.com/r/recipes/comments/12k49da/keema_curry/,https://i.redd.it/60r2dmqqijta1.jpg
"15 Minute Smoked Salmon Toast with Eggs, Herbs and Pea Puree",1681304237.0,94,0,0.98,94,11,True,reddit.com/r/recipes/comments/12jlf5x/15_minute_smoked_salmon_toast_with_eggs_herbs_and/,https://i.redd.it/b2gc8qwxagta1.jpg
Roasted cauliflower with mashed potatoes and beetroots,1681294126.0,925,0,0.95,925,40,False,reddit.com/r/recipes/comments/12jh955/roasted_cauliflower_with_mashed_potatoes_and/,https://i.redd.it/7v5thqztgfta1.jpg
Almond Flour Blueberry Muffins,1681259973.0,53,0,0.99,53,13,True,reddit.com/r/recipes/comments/12j3wcj/almond_flour_blueberry_muffins/,https://i.redd.it/3yoinmfgncta1.png
Mutton Pulao,1681251733.0,39,0,0.97,39,3,False,reddit.com/r/recipes/comments/12izwpz/mutton_pulao/,https://i.redd.it/2hsys6izybta1.jpg
A salmon fillet with a Mediterranean kick,1681132111.0,50,0,0.97,50,7,False,reddit.com/r/recipes/comments/12hic08/a_salmon_fillet_with_a_mediterranean_kick/,https://i.redd.it/jbmiufh922ta1.jpg
Mini Eggs Cookies (Recipe),1681071639.0,374,0,0.97,374,8,False,reddit.com/r/recipes/comments/12guh96/mini_eggs_cookies_recipe/,https://i.redd.it/moyi59bi3xsa1.jpg
Chickpea and Pasta alla Vodka,1681061466.0,647,0,0.97,647,19,True,reddit.com/r/recipes/comments/12gprcx/chickpea_and_pasta_alla_vodka/,https://i.redd.it/u058z3499wsa1.jpg
Highly addictive Moroccan almond cigars,1681044972.0,1501,0,0.99,1501,36,False,reddit.com/r/recipes/comments/12gipep/highly_addictive_moroccan_almond_cigars/,https://i.redd.it/52nwnpw6wusa1.jpg
Simple Grilled Cheese Sandwich,1680997587.0,545,0,0.87,545,8,False,reddit.com/r/recipes/comments/12g2fxi/simple_grilled_cheese_sandwich/,https://i.redd.it/isk7msh2zqsa1.jpg
The One-Ingredient Hard Maple Candy,1680990112.0,551,0,0.97,551,28,True,reddit.com/r/recipes/comments/12fzc81/the_oneingredient_hard_maple_candy/,https://i.redd.it/os3672tlxpsa1.jpg
Brown Sugar Ham Glaze,1680963346.0,704,0,0.97,704,10,True,reddit.com/r/recipes/comments/12fneo1/brown_sugar_ham_glaze/,https://i.redd.it/9b4obc1i5osa1.jpg
Steamed Fish With Lime and Garlic,1680951749.0,1703,0,0.97,1703,51,False,reddit.com/r/recipes/comments/12fil7l/steamed_fish_with_lime_and_garlic/,https://i.redd.it/4fwb5ng07nsa1.jpg
Vegan Puerto Rican Rice (Arroz con Gandules),1680711635.0,97,0,0.94,97,10,False,reddit.com/r/recipes/comments/12cpkc4/vegan_puerto_rican_rice_arroz_con_gandules/,https://i.redd.it/rys18djwc3sa1.jpg
Garlic Naan Bread,1680639738.0,1316,0,0.99,1316,46,False,reddit.com/r/recipes/comments/12bva3c/garlic_naan_bread/,https://i.redd.it/qzk05ch3fxra1.png
Pad Mee Korat (Spicy Pad Thai),1680578337.0,181,0,0.98,181,7,False,reddit.com/r/recipes/comments/12b7mit/pad_mee_korat_spicy_pad_thai/,https://i.redd.it/pq1j64kmcsra1.jpg
Hummingbird Carrot Cake,1680442450.0,1321,0,0.99,1321,31,True,reddit.com/r/recipes/comments/129lg9n/hummingbird_carrot_cake/,https://i.redd.it/qxs7alol4hra1.jpg
Zurek - Polish Easter Soup,1680433385.0,377,0,0.98,377,18,True,reddit.com/r/recipes/comments/129hxb0/zurek_polish_easter_soup/,https://i.redd.it/p3b62d3mdgra1.jpg
Sweet &amp; Crunchy Maple Popcorn,1680361714.0,604,0,0.97,604,24,True,reddit.com/r/recipes/comments/128p3mz/sweet_crunchy_maple_popcorn/,https://i.redd.it/883p3zahgara1.jpg
Matcha Fudge Chocolate Chip Marble Cookies (Recipe),1680281238.0,1406,0,0.97,1406,28,False,reddit.com/r/recipes/comments/127rf0v/matcha_fudge_chocolate_chip_marble_cookies_recipe/,https://i.redd.it/5r1vvzc7t3ra1.jpg
Greek Yogurt Chicken Salad with Apples and Almonds,1680043226.0,24,0,0.97,24,2,False,reddit.com/r/recipes/comments/1254xfn/greek_yogurt_chicken_salad_with_apples_and_almonds/,https://i.redd.it/kbpojb4e5kqa1.jpg
Louisiana Crawfish Boil,1680007789.0,1216,0,0.96,1216,56,True,reddit.com/r/recipes/comments/124nr2l/louisiana_crawfish_boil/,https://i.redd.it/sgmiy9z18hqa1.jpg
Drums of heaven,1680000033.0,81,0,0.94,81,5,False,reddit.com/r/recipes/comments/124kk3b/drums_of_heaven/,https://i.redd.it/97e0rjrm2iqa1.jpg
Butter Chicken,1679870001.0,1451,0,0.99,1451,33,False,reddit.com/r/recipes/comments/123276t/butter_chicken/,https://i.redd.it/tj8z88nst5qa1.jpg
"Stir Fry Supreme – Chives, cashews and Shrimp",1701694537.0,58,0,0.89,58,6,False,reddit.com/r/recipes/comments/18ajm70/stir_fry_supreme_chives_cashews_and_shrimp/,https://i.redd.it/6vrftswiz94c1.jpeg
Polish Krokiety - Mushroom &amp; Sauerkraut Croquettes,1701516938.0,263,0,0.97,263,17,False,reddit.com/r/recipes/comments/1891x51/polish_krokiety_mushroom_sauerkraut_croquettes/,https://i.redd.it/lsazpcn8bv3c1.jpg
Festive Southern Jalapeno Pimento Cheese Dip,1701262661.0,176,0,0.95,176,11,False,reddit.com/r/recipes/comments/186osjd/festive_southern_jalapeno_pimento_cheese_dip/,https://i.redd.it/i0lvs10aba3c1.jpeg
Quick &amp; Easy Nut Brittle,1701206084.0,120,0,0.95,120,11,False,reddit.com/r/recipes/comments/1866xrq/quick_easy_nut_brittle/,https://i.redd.it/elfhdi81n53c1.jpg
Green Borshch,1700952061.0,59,0,0.94,59,9,False,reddit.com/r/recipes/comments/183vmzc/green_borshch/,https://i.redd.it/s8aaslwrnk2c1.jpg
Leftover Turkey and Pastina Soup,1700944350.0,262,0,0.95,262,13,False,reddit.com/r/recipes/comments/183st4x/leftover_turkey_and_pastina_soup/,https://i.redd.it/0p0rwigu0k2c1.jpg
Nasi Goreng (Indonesian Fried Rice) - My family's recipe,1700743113.0,75,0,0.97,75,11,False,reddit.com/r/recipes/comments/1820b5b/nasi_goreng_indonesian_fried_rice_my_familys/,https://i.redd.it/wj2shpc2e32c1.jpg
My family’s apple pie recipe,1700638375.0,807,0,0.99,807,62,False,reddit.com/r/recipes/comments/1813o0j/my_familys_apple_pie_recipe/,https://i.redd.it/z3l8ifw0ru1c1.jpg
Leek and beef stir fry,1700484664.0,50,0,0.91,50,5,False,reddit.com/r/recipes/comments/17zntw6/leek_and_beef_stir_fry/,https://i.redd.it/socm9sej1i1c1.jpg
Warm Thai Glass Noodle &amp; Beef Salad,1700482264.0,124,0,0.94,124,9,False,reddit.com/r/recipes/comments/17zn5bx/warm_thai_glass_noodle_beef_salad/,https://i.redd.it/k2cymncfuh1c1.png
Trinbagonian Stew Chicken,1700329962.0,49,0,0.96,49,15,False,reddit.com/r/recipes/comments/17ybvvf/trinbagonian_stew_chicken/,https://i.redd.it/g9d4rexs951c1.jpg
Salsa Verde Chicken and Butternut Squash Soup,1700327323.0,88,0,0.98,88,3,False,reddit.com/r/recipes/comments/17yaxuf/salsa_verde_chicken_and_butternut_squash_soup/,https://i.redd.it/ul51eki2251c1.jpg
Chocolate Fudge M&amp;M Cookies (Recipe),1700240151.0,20,0,0.96,20,1,False,reddit.com/r/recipes/comments/17xjh8v/chocolate_fudge_mm_cookies_recipe/,https://i.redd.it/6965v8quux0c1.png
"Herby, Green Pasta e Fagioli",1700154161.0,272,0,0.97,272,5,False,reddit.com/r/recipes/comments/17wrwd9/herby_green_pasta_e_fagioli/,https://i.redd.it/qxgob736rq0c1.jpg
Matcha Chocolate Chip Vegan Oatmeal Cookie (Recipe),1699989279.0,71,0,0.76,71,6,False,reddit.com/r/recipes/comments/17v9sis/matcha_chocolate_chip_vegan_oatmeal_cookie_recipe/,https://i.redd.it/0xxdci0y3d0c1.jpg
Lemony Chicken Tomato Pasta,1699724351.0,121,0,0.95,121,7,False,reddit.com/r/recipes/comments/17szfwx/lemony_chicken_tomato_pasta/,https://i.redd.it/9n5n1hs39rzb1.jpg
Creamy Sun-Dried Tomato Chicken Soup,1699569130.0,573,0,0.99,573,23,False,reddit.com/r/recipes/comments/17rozqt/creamy_sundried_tomato_chicken_soup/,https://i.redd.it/ppv0u7ekfezb1.jpg
Wine-Braised Short Ribs with Parmesan Mashed Potatoes,1699206882.0,420,0,0.99,420,13,False,reddit.com/r/recipes/comments/17ohgbx/winebraised_short_ribs_with_parmesan_mashed/,https://i.redd.it/cft7zvwfikyb1.jpg
Al Pastor Tacos,1699102150.0,301,0,0.97,301,13,False,reddit.com/r/recipes/comments/17nkyzf/al_pastor_tacos/,https://i.redd.it/o47egloxubyb1.jpg
Seared Swordfish with Orzo,1698946711.0,238,0,0.98,238,14,False,reddit.com/r/recipes/comments/17m90vz/seared_swordfish_with_orzo/,https://i.redd.it/yd6qpq8t0zxb1.jpg
Chickpeas in Lemon-Tahini Broth,1698777964.0,288,0,0.98,288,15,False,reddit.com/r/recipes/comments/17ks77d/chickpeas_in_lemontahini_broth/,https://i.redd.it/yfrz00l13lxb1.jpg
Beef and Veggie Pie - Damn Good!,1698692818.0,216,0,0.95,216,17,False,reddit.com/r/recipes/comments/17k0y7w/beef_and_veggie_pie_damn_good/,https://i.redd.it/s424ia1u1exb1.jpg
Turkish Bazlama / Flatbread Recipe,1698653841.0,237,0,0.98,237,14,False,reddit.com/r/recipes/comments/17joihz/turkish_bazlama_flatbread_recipe/,https://i.redd.it/futfakuusaxb1.jpg
Cabbage Ramen with Pork,1698523985.0,304,0,0.97,304,14,False,reddit.com/r/recipes/comments/17im0mx/cabbage_ramen_with_pork/,https://i.redd.it/nrv0v63t30xb1.jpg
Lasagna Soup,1698345050.0,318,0,0.93,318,19,False,reddit.com/r/recipes/comments/17h34nk/lasagna_soup/,https://i.redd.it/tqtpdzcjblwb1.jpg
"Sous vide Chicken Breast with garlic wine butter sauce, goat cheese and balsamic drizzle",1698333946.0,81,0,0.87,81,6,False,reddit.com/r/recipes/comments/17gz0go/sous_vide_chicken_breast_with_garlic_wine_butter/,https://i.redd.it/hqdwgdtrekwb1.jpg
My Mom’s Chicken Corn Soup,1698250971.0,356,0,0.95,356,14,False,reddit.com/r/recipes/comments/17g8noa/my_moms_chicken_corn_soup/,https://i.redd.it/a78fvwmzjdwb1.jpg
Cuban Oxtail Stew - The Best!,1698122974.0,139,0,0.95,139,14,False,reddit.com/r/recipes/comments/17f4s5b/cuban_oxtail_stew_the_best/,https://i.redd.it/t0a5m79fz2wb1.png
Chicken and Rice Soup,1698088985.0,256,0,0.99,256,8,False,reddit.com/r/recipes/comments/17eso82/chicken_and_rice_soup/,https://i.redd.it/f9dlzkq860wb1.jpg
Cuban Ropa Vieja (Old Clothes),1698034481.0,356,0,0.98,356,58,False,reddit.com/r/recipes/comments/17ebwv1/cuban_ropa_vieja_old_clothes/,https://i.redd.it/6uwf1er9ovvb1.jpg
Quick ravioli salad,1697988373.0,62,0,0.92,62,3,False,reddit.com/r/recipes/comments/17dvsbs/quick_ravioli_salad/,https://i.redd.it/5u0g3lf7vrvb1.jpg
Homestyle Buttermilk Biscuits!,1697940536.0,16,0,1.0,16,1,False,reddit.com/r/recipes/comments/17dinyf/homestyle_buttermilk_biscuits/,https://i.redd.it/cxdffklwwnvb1.jpg
Shrimp &amp; Broccoli Soba Noodles with Dashi-Soy Dipping Sauce,1697828213.0,11,0,0.93,11,1,False,reddit.com/r/recipes/comments/17cim3c/shrimp_broccoli_soba_noodles_with_dashisoy/,https://i.redd.it/apvksztvmevb1.jpg
Chicken and Rice,1697819973.0,185,0,0.95,185,18,False,reddit.com/r/recipes/comments/17cfkpm/chicken_and_rice/,https://i.redd.it/02a9sxkdydvb1.jpg
Apple Jam,1697818595.0,108,0,0.97,108,16,False,reddit.com/r/recipes/comments/17cf204/apple_jam/,https://i.redd.it/did3ezcdudvb1.jpg
Masala dosa with sambar and potato masala,1697711386.0,20,0,0.96,20,2,False,reddit.com/r/recipes/comments/17bfywt/masala_dosa_with_sambar_and_potato_masala/,https://i.redd.it/h5dwlyvkz4vb1.jpg
Mushroom-Beef Chili with Cabbage Slaw,1697660690.0,140,0,0.9,140,6,False,reddit.com/r/recipes/comments/17b0eyw/mushroombeef_chili_with_cabbage_slaw/,https://i.redd.it/xc2svqnts0vb1.jpg
Pumpkin Whoopie Pies with Cream Cheese Filling,1697574263.0,233,0,0.95,233,23,False,reddit.com/r/recipes/comments/17a7qx3/pumpkin_whoopie_pies_with_cream_cheese_filling/,https://i.redd.it/687mtzmtntub1.jpg
Beef Ribs two ways,1697562989.0,39,0,0.84,39,7,False,reddit.com/r/recipes/comments/17a3fc2/beef_ribs_two_ways/,https://i.redd.it/gyucfgl7qsub1.jpg
Classic Lasagna,1697451383.0,187,0,0.97,187,7,False,reddit.com/r/recipes/comments/1792osc/classic_lasagna/,https://i.redd.it/eji0f4kgijub1.png
Ginger Chicken Soup with Peas and Noodles,1697404148.0,79,0,1.0,79,4,False,reddit.com/r/recipes/comments/178p52g/ginger_chicken_soup_with_peas_and_noodles/,https://i.redd.it/kz2hk74tlfub1.jpg
Polish Potato Pancakes (Placki Ziemniaczane),1697371963.0,531,0,0.98,531,60,False,reddit.com/r/recipes/comments/178e2qn/polish_potato_pancakes_placki_ziemniaczane/,https://i.redd.it/uwftnvv8ycub1.jpg
Chicken Stew,1697230159.0,234,0,0.98,234,19,False,reddit.com/r/recipes/comments/1778ckr/chicken_stew/,https://i.redd.it/uja80gnk81ub1.jpg
Easy Tomato Orzo,1697039661.0,252,0,0.98,252,13,False,reddit.com/r/recipes/comments/175hg1f/easy_tomato_orzo/,https://i.redd.it/ijjhuduzhltb1.jpg
Finnish Salmon Soup (Lohikeitto),1697036535.0,59,0,0.82,59,16,False,reddit.com/r/recipes/comments/175g4sk/finnish_salmon_soup_lohikeitto/,https://i.redd.it/fpb4eu7v8ltb1.png
Canadian Maple French Toast (Recipe),1696952413.0,125,0,0.93,125,4,False,reddit.com/r/recipes/comments/174oam3/canadian_maple_french_toast_recipe/,https://i.redd.it/2vuvc2ij9etb1.png
Tahu Goreng Vegan Indonesian Deep Fried Tofu,1696941619.0,30,0,0.91,30,4,False,reddit.com/r/recipes/comments/174k67v/tahu_goreng_vegan_indonesian_deep_fried_tofu/,https://i.redd.it/3ozsg97ledtb1.jpg
Autumn Apple Cinnamon Cookies (Recipe),1696609808.0,320,0,0.97,320,21,False,reddit.com/r/recipes/comments/171gvoj/autumn_apple_cinnamon_cookies_recipe/,https://i.redd.it/g5dkfmuyylsb1.png
Chicken Soup,1696507369.0,53,0,0.98,53,10,False,reddit.com/r/recipes/comments/170g6u2/chicken_soup/,https://i.redd.it/6r3y0pafjdsb1.jpg
"Baked Sweet Potato with Mushrooms, Cream Cheese &amp; Crunchy Chickpeas",1696424266.0,111,0,0.96,111,7,False,reddit.com/r/recipes/comments/16zmk8k/baked_sweet_potato_with_mushrooms_cream_cheese/,https://i.redd.it/cschuliqn6sb1.jpg
Chicken Soup with Farro and Leeks,1696356711.0,222,0,0.98,222,6,False,reddit.com/r/recipes/comments/16yz3nr/chicken_soup_with_farro_and_leeks/,https://i.redd.it/ljqp6gsd31sb1.jpg
Quinotto Poblano Corn &amp; Cheese Quinoa Risotto,1696250266.0,59,0,0.9,59,1,False,reddit.com/r/recipes/comments/16xvkhz/quinotto_poblano_corn_cheese_quinoa_risotto/,https://i.redd.it/ozrjz2fwasrb1.jpg
Shrimp in Coconut Broth,1696087541.0,194,0,0.94,194,5,False,reddit.com/r/recipes/comments/16w9p3x/shrimp_in_coconut_broth/,https://i.redd.it/57dg5mk1verb1.jpg
The Best Blondies (Recipe),1696016306.0,182,0,0.95,182,10,False,reddit.com/r/recipes/comments/16vl5u4/the_best_blondies_recipe/,https://i.redd.it/9i99rjh6z8rb1.png
Hats &amp; Broccoli,1695923539.0,95,0,0.91,95,9,False,reddit.com/r/recipes/comments/16umnww/hats_broccoli/,https://i.redd.it/1coys4u7b1rb1.jpg
easy braised chicken legs,1695851587.0,81,0,0.95,81,9,False,reddit.com/r/recipes/comments/16txb50/easy_braised_chicken_legs/,https://i.redd.it/5o22zeifdvqb1.jpg
Fish and Broccoli One Pot Rice Cooker Dinner,1695816884.0,51,0,0.78,51,5,False,reddit.com/r/recipes/comments/16tiy8m/fish_and_broccoli_one_pot_rice_cooker_dinner/,https://i.redd.it/qtbve6b8isqb1.jpg
Ghanaian Tiger Nuts Drink,1695745689.0,138,0,0.89,138,51,False,reddit.com/r/recipes/comments/16sslzz/ghanaian_tiger_nuts_drink/,https://i.redd.it/f1yxzzzjmmqb1.jpg
Best Tuna Salad,1695631835.0,69,0,0.84,69,11,False,reddit.com/r/recipes/comments/16rmpav/best_tuna_salad/,https://i.redd.it/yxpj1qe08dqb1.jpg
Honey Sriracha Wings,1695621149.0,94,0,0.99,94,4,False,reddit.com/r/recipes/comments/16rjuuw/honey_sriracha_wings/,https://i.redd.it/fx3y8rf8ccqb1.jpg
Blueberry Crumble (Recipe),1695413050.0,89,0,0.96,89,5,False,reddit.com/r/recipes/comments/16pjx7f/blueberry_crumble_recipe/,https://i.redd.it/y637qfi95vpb1.png
Chili Crisp Shrimp and Green Beans,1695395390.0,254,0,0.97,254,26,False,reddit.com/r/recipes/comments/16pct9e/chili_crisp_shrimp_and_green_beans/,https://i.redd.it/su5x42ypotpb1.jpg
[OC] Apple Cider Glazed Chicken,1695317780.0,188,0,0.94,188,13,False,reddit.com/r/recipes/comments/16olzdm/oc_apple_cider_glazed_chicken/,https://i.redd.it/7d7i5mu67npb1.jpg
Sweet and Spicy Pasta Salad,1695302153.0,93,0,0.95,93,7,False,reddit.com/r/recipes/comments/16ofo8m/sweet_and_spicy_pasta_salad/,https://i.redd.it/pmqugf6pzlpb1.jpg
Cream of Chicken Macaroni Soup,1695268335.0,42,0,0.95,42,1,False,reddit.com/r/recipes/comments/16o5oyj/cream_of_chicken_macaroni_soup/,https://i.redd.it/bb3mcrft5jpb1.jpg
Quick Beef Rice Bowl,1695222040.0,122,0,0.98,122,2,False,reddit.com/r/recipes/comments/16nnh7c/quick_beef_rice_bowl/,https://i.redd.it/dp3olu6hdfpb1.jpg
British Baked Cabbage with Cheese Casserole,1695124501.0,36,0,0.6,36,41,False,reddit.com/r/recipes/comments/16moy3d/british_baked_cabbage_with_cheese_casserole/,https://i.redd.it/watngfzfb7pb1.jpg
Antalya PİYAZ | Turkish White Bean &amp; Onion Salad with Tahini Dressing,1695043871.0,59,0,0.93,59,8,False,reddit.com/r/recipes/comments/16lvnqv/antalya_piyaz_turkish_white_bean_onion_salad_with/,https://i.redd.it/vso4ey09n0pb1.jpg
Homemade Cottage Cheese Scones,1695040370.0,61,0,0.95,61,1,False,reddit.com/r/recipes/comments/16lub6l/homemade_cottage_cheese_scones/,https://i.redd.it/7aj5au39d0pb1.jpg
Greek inspired dolmades,1694802666.0,202,0,0.94,202,15,False,reddit.com/r/recipes/comments/16jl0ca/greek_inspired_dolmades/,https://i.redd.it/ga107jcgqgob1.jpg
“Samusa” Burmese Samosa Soup,1694522861.0,155,0,0.96,155,12,False,reddit.com/r/recipes/comments/16gqhke/samusa_burmese_samosa_soup/,https://i.redd.it/n9lbkglgmtnb1.jpg
Mini Fish Burger with Fresh Green Sauce,1694421566.0,112,0,0.95,112,5,False,reddit.com/r/recipes/comments/16fpzz5/mini_fish_burger_with_fresh_green_sauce/,https://i.redd.it/tahb3t819lnb1.jpg
Potato-Leek Soup with Sage,1694367501.0,435,0,0.98,435,20,False,reddit.com/r/recipes/comments/16f6bk1/potatoleek_soup_with_sage/,https://i.redd.it/o3j5zulbsgnb1.jpg
Sage Scones with Cheddar &amp; Chives,1694266409.0,233,0,0.98,233,6,False,reddit.com/r/recipes/comments/16e5wv7/sage_scones_with_cheddar_chives/,https://i.redd.it/ue2h1xrsd8nb1.jpg
Red Kabocha Rice Soup,1694206853.0,56,0,0.93,56,2,False,reddit.com/r/recipes/comments/16dm2pt/red_kabocha_rice_soup/,https://i.redd.it/zo62eorqi3nb1.jpg
Brown Butter Almond Cookies (Recipe),1694197832.0,127,0,0.99,127,8,False,reddit.com/r/recipes/comments/16di8lf/brown_butter_almond_cookies_recipe/,https://i.redd.it/t8l1a64yr2nb1.jpg
A Very Delicious Potato Salad,1694111168.0,154,0,0.96,154,15,False,reddit.com/r/recipes/comments/16cmifs/a_very_delicious_potato_salad/,https://i.redd.it/ub1zhgl0mvmb1.jpg
Miso-Maple Tahini Noodle Salad,1693937228.0,152,0,0.96,152,2,False,reddit.com/r/recipes/comments/16avfiz/misomaple_tahini_noodle_salad/,https://i.redd.it/rr2qcb0n8hmb1.jpg
Thai Basil Chicken (Low-Carb with Cauliflower Rice),1693928704.0,114,0,0.92,114,14,False,reddit.com/r/recipes/comments/16arplc/thai_basil_chicken_lowcarb_with_cauliflower_rice/,https://i.redd.it/v15gw76ojgmb1.jpg
“Jin Thoke” Crunchy Burmese Pickled Ginger Salad,1693920527.0,132,0,0.95,132,2,False,reddit.com/r/recipes/comments/16aoatd/jin_thoke_crunchy_burmese_pickled_ginger_salad/,https://i.redd.it/l36sg8revfmb1.jpg
Vietnamese Beef Ragu/ Ragout (bò kho). Eat with French Baguette/Vietnamese baguette,1693840943.0,214,0,0.97,214,15,False,reddit.com/r/recipes/comments/169uuib/vietnamese_beef_ragu_ragout_bò_kho_eat_with/,https://i.redd.it/aci9t67ma9mb1.jpg
Easy homemade mayonnaise,1693790659.0,23,0,0.88,23,21,False,reddit.com/r/recipes/comments/169ea7n/easy_homemade_mayonnaise/,https://i.redd.it/zeyy7et855mb1.jpg
Apple Oatmeal Molasses Cookies (Recipe),1693593542.0,120,0,0.96,120,10,False,reddit.com/r/recipes/comments/167f8cq/apple_oatmeal_molasses_cookies_recipe/,https://i.redd.it/p28w2742volb1.jpg
French Toast Bites,1693337189.0,942,0,0.98,942,27,False,reddit.com/r/recipes/comments/164rrpi/french_toast_bites/,https://i.redd.it/fjcbpynqo3lb1.jpg
Sticky Toffee Pudding With Toasted Milk &amp; Vanilla Custard,1693137644.0,31,0,0.98,31,5,False,reddit.com/r/recipes/comments/162ok09/sticky_toffee_pudding_with_toasted_milk_vanilla/,https://i.redd.it/paybhqwl6nkb1.jpg
Mexican Hot Chocolate Cookies,1693115992.0,385,0,0.96,385,25,False,reddit.com/r/recipes/comments/162i7t8/mexican_hot_chocolate_cookies/,https://i.redd.it/b8fb0874flkb1.jpg
"Chilindrón: Spanish Lamb, Chicken, and Chorizo Stew",1693044134.0,429,0,0.97,429,25,False,reddit.com/r/recipes/comments/161r2lk/chilindrón_spanish_lamb_chicken_and_chorizo_stew/,https://i.redd.it/ttjas75bhfkb1.jpg
Corn &amp; Crab Bisque,1692983269.0,95,0,0.93,95,3,False,reddit.com/r/recipes/comments/16150vx/corn_crab_bisque/,https://imgur.com/gallery/HWiSbQK
Bubble and Squeak,1692949958.0,238,0,0.95,238,15,False,reddit.com/r/recipes/comments/160sk3v/bubble_and_squeak/,https://i.redd.it/pyoqqzl6p7kb1.png
Cuñapez (Bolivian Cheese Bread),1692303029.0,69,0,0.99,69,10,False,reddit.com/r/recipes/comments/15ty8qk/cuñapez_bolivian_cheese_bread/,https://i.redd.it/nco17p7g9qib1.jpg
Thai Pomelo Salad,1692259295.0,44,0,0.98,44,5,False,reddit.com/r/recipes/comments/15tgsuc/thai_pomelo_salad/,https://i.redd.it/sn5llw4pnmib1.jpg
Kimchi Ramen with Tofu,1692198590.0,129,0,0.96,129,11,False,reddit.com/r/recipes/comments/15ssik2/kimchi_ramen_with_tofu/,https://i.redd.it/xym3pxt4nhib1.jpg
Leek and Potato Soup,1692165653.0,144,0,0.97,144,6,False,reddit.com/r/recipes/comments/15sh5i2/leek_and_potato_soup/,https://i.redd.it/haoit5r9xeib1.jpg
Fresh Rice Noodles With Thai Fish Curry,1692112211.0,64,0,0.92,64,7,False,reddit.com/r/recipes/comments/15rvdvb/fresh_rice_noodles_with_thai_fish_curry/,https://i.redd.it/o7926gobiaib1.jpg
Veggie balls made with red beans and mushroom | Tastes like real meat.,1692087273.0,100,0,0.76,100,40,False,reddit.com/r/recipes/comments/15rmdu6/veggie_balls_made_with_red_beans_and_mushroom/,https://i.redd.it/jplvc2x2g8ib1.jpg
Pork Tenderloin with Ricotta Mashed Potatoes and Spinach,1692027180.0,411,0,0.98,411,13,False,reddit.com/r/recipes/comments/15qxzx3/pork_tenderloin_with_ricotta_mashed_potatoes_and/,https://i.redd.it/5ai65m3hh3ib1.jpg
Roast Squash and Apples,1691971727.0,92,0,0.91,92,2,False,reddit.com/r/recipes/comments/15qep4i/roast_squash_and_apples/,https://i.redd.it/5g34xvimwyhb1.jpg
One-Pot Chickpeas and Rice,1691786484.0,129,0,0.99,129,9,False,reddit.com/r/recipes/comments/15ok2bb/onepot_chickpeas_and_rice/,https://i.redd.it/bpyflftlljhb1.jpg
Lemon Polenta Cake (Recipe),1691780388.0,74,0,0.96,74,4,False,reddit.com/r/recipes/comments/15ohf16/lemon_polenta_cake_recipe/,https://i.redd.it/u52poxxm3jhb1.png
Korean style Prawn Scallion Pancakes,1691764325.0,99,0,0.98,99,10,False,reddit.com/r/recipes/comments/15oaixi/korean_style_prawn_scallion_pancakes/,https://i.redd.it/p9lf4a2xrhhb1.jpg
